EmployeeKey,ParentEmployeeKey,FirstName,LastName,MiddleName,Title,HireDate,BirthDate,EmailAddress,Phone,MaritalStatus,EmergencyContactName,EmergencyContactPhone,SalariedFlag,Gender,PayFrequency,BaseRate,VacationHours,CurrentFlag,SalesPersonFlag,DepartmentName,StartDate,EndDate,Status,ETLLoadID,LoadDate,UpdateDate
1,18,Kim,Abercrombie,NULL,Sales Region Manager,31-07-1996,15-05-1972,guy1@contoso.com,320-555-0195,M,Hazem Abolrous,320-555-0195,0,M,2,72.45,40,1,0,Production,31-07-1996,,Current,19960731,7/31/1996,7/31/1996
2,18,Sagiv,Hadaya,NULL,Sales Region Manager,26-02-1997,03-06-1977,kevin0@contoso.com,150-555-0189,S,Kevin Cook,150-555-0189,0,M,2,72.45,40,1,0,Marketing,26-02-1997,,Current,19970226,2/26/1997,2/26/1997
3,18,Luka,Abrus,NULL,Sales Region Manager,12-12-1997,13-12-1964,roberto0@contoso.com,212-555-0187,M,Ahmad Abu-Dayah,212-555-0187,1,M,2,72.45,40,1,0,Engineering,12-12-1997,,Current,19971212,12/12/1997,12/12/1997
4,18,Kirk,Nason,J.,Sales Region Manager,05-01-1998,23-01-1965,KirkNason@contoso.com,612-555-0100,S,Mrina Natarajan,612-555-0100,0,M,2,72.45,40,1,0,Tool Design,05-01-1998,30-06-2000,NULL,20000630,1/5/1998,6/30/2000
5,18,Humberto,Acevedo,NULL,Sales Region Manager,05-01-1998,23-01-1965,Humberto@contoso.com,612-555-0100,S,Gustavo Achong,612-555-0100,0,M,2,72.45,40,1,0,Tool Design,30-06-2000,,Current,20000630,6/30/2000,6/30/2000
6,1,Yoichiro,Okada,NULL,Sales State Manager,11-01-1998,29-08-1949,thierry0@contoso.com,168-555-0183,M,Gerwald Oberleitner,168-555-0183,0,M,2,55,40,1,0,Tool Design,11-01-1998,,Current,19980111,1/11/1998,1/11/1998
7,2,Pilar,Ackerman,NULL,Sales State Manager,20-01-1998,19-04-1965,PilarAckerman@contoso.com,913-555-0172,S,Gudmundur Adalsteinsson,913-555-0172,1,M,2,55,40,1,0,Marketing,20-01-1998,15-08-1999,NULL,19990815,1/20/1998,8/15/1999
8,3,Aaron,Painter,M.,Sales State Manager,20-01-1998,19-04-1965,AaronPainter@contoso.com,913-555-0172,S,Dominik Paiha,913-555-0172,1,M,2,55,40,1,0,Marketing,16-08-1999,,Current,19990816,8/16/1999,8/16/1999
9,4,Terry,Adams,NULL,Sales State Manager,26-01-1998,16-02-1946,jolynn0@contoso.com,903-555-0145,S,Michael Affronti,903-555-0145,0,F,2,55,40,1,0,Production,26-01-1998,,Current,19980126,1/26/1998,1/26/1998
10,5,David,Probst,NULL,Sales State Manager,06-02-1998,06-07-1946,ruth0@contoso.com,145-555-0130,M,Jim Ptaszynski,145-555-0130,0,F,2,55,40,1,0,Production,06-02-1998,,Current,19980206,2/6/1998,2/6/1998
11,1,Manoj,Agarwal,NULL,Sales State Manager,06-02-1998,29-10-1942,gail0@contoso.com,849-555-0139,M,Nupur Agarwal,849-555-0139,1,F,2,55,40,1,0,Engineering,06-02-1998,,Current,19980206,2/6/1998,2/6/1998
12,2,Michael,Raheem,NULL,Sales State Manager,07-02-1998,27-04-1946,barry0@contoso.com,206-555-0180,S,Amritansh Raghav,206-555-0180,0,M,2,55,40,1,0,Production,07-02-1998,,Current,19980207,2/7/1998,2/7/1998
13,3,David,Ahs,NULL,Sales State Manager,24-02-1998,11-04-1949,jossef0@contoso.com,122-555-0189,M,Hatim Aiad,122-555-0189,1,M,2,55,40,1,0,Engineering,24-02-1998,,Current,19980224,2/24/1998,2/24/1998
14,8,Miguel,Saenz,NULL,Sales Store Manager,03-03-1998,01-09-1961,terri0@contoso.com,819-555-0175,S,Peter Saddow,819-555-0175,1,F,2,25,40,1,0,Engineering,03-03-1998,,Current,19980303,3/3/1998,3/3/1998
15,9,Kim,Akers,NULL,Sales Store Manager,05-03-1998,01-10-1946,sidney0@contoso.com,424-555-0189,M,Cigdem Akin,424-555-0189,0,M,2,25,40,1,0,Production,05-03-1998,,Current,19980305,3/5/1998,3/5/1998
16,1,Kate,Taneyhill,NULL,Sales State Manager,11-03-1998,03-05-1946,taylor0@contoso.com,508-555-0165,M,Roberto Tamburello,508-555-0165,0,M,2,55,40,1,0,Production,11-03-1998,,Current,19980311,3/11/1998,3/11/1998
17,2,David,Alexander,NULL,Sales State Manager,23-03-1998,12-08-1946,jeffrey0@contoso.com,984-555-0185,S,Michael Alexander,984-555-0185,0,M,2,55,40,1,0,Production,23-03-1998,,Current,19980323,3/23/1998,3/23/1998
18,,Pieter,Uittenbogaard,NULL,Sales Group Manager,30-03-1998,09-11-1946,jo0@contoso.com,632-555-0129,S,Sairaj Uddin,632-555-0129,0,F,2,125,80,1,0,'Human Resources Contral,30-03-1998,,Current,19980330,3/30/1998,3/30/1998
19,4,Michelle,Alexander,NULL,Sales State Manager,11-04-1998,06-05-1946,doris0@contoso.com,328-555-0150,M,Mark Alexieff,328-555-0150,0,F,2,55,40,1,0,Production,11-04-1998,,Current,19980411,4/11/1998,4/11/1998
20,5,Rene,Valdes,NULL,Sales State Manager,18-04-1998,08-09-1946,john0@contoso.com,435-555-0113,M,Szabolcs Vajda,435-555-0113,0,M,2,55,40,1,0,Production,18-04-1998,,Current,19980418,4/18/1998,4/18/1998
21,1,Michael,Allen,NULL,Sales State Manager,29-04-1998,30-04-1946,diane0@contoso.com,202-555-0151,M,Gilead Almosnino,202-555-0151,0,F,2,55,40,1,0,Production,29-04-1998,,Current,19980429,4/29/1998,4/29/1998
22,2,Rohinton,Wadia,NULL,Sales State Manager,02-01-1999,15-06-1967,steven0@contoso.com,925-555-0114,M,Roland Wacker,925-555-0114,0,M,2,55,40,1,0,Production,02-01-1999,,Current,19990102,1/2/1999,1/2/1999
23,3,Luis,Alverca,NULL,Sales State Manager,02-01-1999,04-12-1972,peter0@contoso.com,913-555-0196,M,James Alvord,913-555-0196,1,M,2,55,40,1,0,Production Control,02-01-1999,,Current,19990102,1/2/1999,1/2/1999
24,9,Ming-Yang,Xie,NULL,Sales Store Manager,03-01-1999,14-10-1952,stuart0@contoso.com,413-555-0136,S,Stig Panduro,413-555-0136,0,M,2,25,40,1,0,Production,03-01-1999,,Current,19990103,1/3/1999,1/3/1999
25,10,Antonio,Alwan,NULL,Sales Store Manager,03-01-1999,18-11-1960,greg0@contoso.com,332-555-0150,S,Kamil Amireh,332-555-0150,0,M,2,25,40,1,0,Production,03-01-1999,,Current,19990103,1/3/1999,1/3/1999
26,1,David,Yalovsky,NULL,Sales State Manager,03-01-1999,03-12-1969,david1@contoso.com,166-555-0162,S,Shmuel Yair,166-555-0162,0,M,2,55,40,1,0,Production,03-01-1999,,Current,19990103,1/3/1999,1/3/1999
27,2,Oleg,Anashkin,NULL,Sales State Manager,04-01-1999,26-11-1973,zheng0@contoso.com,113-555-0173,S,Thomas Andersen,113-555-0173,0,M,2,55,40,1,0,Production,04-01-1999,,Current,19990104,1/4/1999,1/4/1999
28,3,Marko,Zajc,NULL,Sales State Manager,05-01-1999,04-02-1972,ivo0@contoso.com,115-555-0179,M,Eugene Zabokritski,115-555-0179,0,M,2,55,40,1,0,Production,05-01-1999,,Current,19990105,1/5/1999,1/5/1999
29,4,Christen,Anderson,NULL,Sales State Manager,05-01-1999,15-12-1970,paul0@contoso.com,147-555-0160,S,Nancy Anderson,147-555-0160,0,M,2,55,40,1,0,Production,05-01-1999,,Current,19990105,1/5/1999,1/5/1999
30,5,Mike,Nash,NULL,Sales State Manager,05-01-1999,28-04-1967,ashvini0@contoso.com,656-555-0119,S,Ranjith Narayanan,656-555-0119,0,M,2,55,40,1,0,Information Services,05-01-1999,,Current,19990105,1/5/1999,1/5/1999
31,1,Diogo,Andrade,NULL,Sales State Manager,06-01-1999,30-06-1976,kendall0@contoso.com,138-555-0128,M,Joe Andreshak,138-555-0128,0,M,2,55,40,1,0,Production,06-01-1999,,Current,19990106,1/6/1999,1/6/1999
32,2,Aneta,Olecka,NULL,Sales State Manager,07-01-1999,14-03-1966,paula0@contoso.com,523-555-0175,M,Preeda Ola,523-555-0175,1,F,2,55,40,1,0,Human Resources,07-01-1999,,Current,19990107,1/7/1999,1/7/1999
33,3,Ben,Andrews,NULL,Sales State Manager,07-01-1999,06-01-1979,alejandro0@contoso.com,668-555-0130,S,Lisa Andrews,668-555-0130,0,M,2,55,40,1,0,Production,07-01-1999,,Current,19990107,1/7/1999,1/7/1999
34,7,Jae,Pak,B.,Sales Store Manager,08-01-1999,26-09-1974,garrett0@contoso.com,609-555-0179,S,Wilson Pais,609-555-0179,0,M,2,25,40,1,0,Production,08-01-1999,,Current,19990108,1/8/1999,1/8/1999
35,10,Roy,Antebi,NULL,Sales Store Manager,08-01-1999,27-08-1973,jianshuo0@contoso.com,952-555-0178,S,Johnson Apacible,952-555-0178,0,M,1,25,38,1,0,Production,08-01-1999,,Current,19990108,1/8/1999,1/8/1999
36,6,Prithvi,Raj,NULL,Sales Store Manager,08-01-1999,20-03-1968,susan0@contoso.com,943-555-0196,S,Stuart Railson,943-555-0196,0,F,1,25,40,1,0,Shipping and Receiving,08-01-1999,,Current,19990108,1/8/1999,1/8/1999
37,6,Luca,Argentiero,NULL,Sales Store Manager,08-01-1999,19-04-1967,vamsi0@contoso.com,937-555-0137,M,NeKeta Argrow,937-555-0137,0,M,2,25,40,1,0,Shipping and Receiving,08-01-1999,,Current,19990108,1/8/1999,1/8/1999
38,6,Suriya,Sajjateerakool,NULL,Sales Store Manager,08-01-1999,27-02-1968,alice0@contoso.com,333-555-0173,M,Malvin Seale,333-555-0173,0,F,1,25,40,1,0,Production,08-01-1999,,Current,19990108,1/8/1999,1/8/1999
39,6,Zainal,Arifin,NULL,Sales Store Manager,09-01-1999,17-06-1980,simon0@contoso.com,963-555-0134,S,Ravital Artman,963-555-0134,0,M,1,25,40,1,0,Production,09-01-1999,,Current,19990109,1/9/1999,1/9/1999
40,6,Amy,Strande,NULL,Sales Store Manager,09-01-1999,09-03-1979,jinghao0@contoso.com,794-555-0159,S,Anne-Mette Stoltze,794-555-0159,0,M,2,25,40,1,0,Production,09-01-1999,,Current,19990109,1/9/1999,1/9/1999
41,6,Ties,Arts,NULL,Sales Store Manager,10-01-1999,19-12-1974,michael0@contoso.com,218-555-0126,S,Dimple Arya,218-555-0126,0,M,1,25,40,1,0,Production,10-01-1999,,Current,19990110,1/10/1999,1/10/1999
42,6,Daniel,Taylor,P.,Sales Store Manager,10-01-1999,17-05-1979,yvonne0@contoso.com,286-555-0189,M,Maurice Taylor,286-555-0189,0,F,1,25,40,1,0,Production,10-01-1999,,Current,19990110,1/10/1999,1/10/1999
43,6,Ronen,Ashkenazi,NULL,Sales Store Manager,10-01-1999,19-04-1966,peng0@contoso.com,164-555-0164,M,Roya Asbari,164-555-0164,1,M,2,25,40,1,0,Quality Assurance,10-01-1999,,Current,19990110,1/10/1999,1/10/1999
44,6,Hans-Walter,Untch,NULL,Sales Store Manager,12-01-1999,13-01-1966,jean0@contoso.com,685-555-0120,S,Sunil Uppal,685-555-0120,1,F,2,25,40,1,0,Information Services,12-01-1999,,Current,19990112,1/12/1999,1/12/1999
45,6,Chris,Ashton,NULL,Sales Store Manager,13-01-1999,27-12-1962,russell0@contoso.com,786-555-0144,M,Sameer Athalye,786-555-0144,0,M,1,25,40,1,0,Production,13-01-1999,,Current,19990113,1/13/1999,1/13/1999
46,6,Michael,Vanderhyde,NULL,Sales Store Manager,13-01-1999,19-10-1958,ascott0@contoso.com,992-555-0194,S,Esther Valle,992-555-0194,0,M,2,25,40,1,0,Production Control,13-01-1999,,Current,19990113,1/13/1999,1/13/1999
47,6,Vivian,Atlas,NULL,Sales Store Manager,13-01-1999,27-07-1979,fred0@contoso.com,818-555-0192,S,Kai Axford,818-555-0192,0,M,1,25,40,1,0,Production,13-01-1999,,Current,19990113,1/13/1999,1/13/1999
48,6,Robin,Wakefield,NULL,Sales Store Manager,13-01-1999,21-06-1977,sariya0@contoso.com,399-555-0176,S,Darren Waite,399-555-0176,0,M,2,25,40,1,0,Marketing,13-01-1999,,Current,19990113,1/13/1999,1/13/1999
49,6,Anahita,Bahrami,NULL,Sales Store Manager,14-01-1999,18-08-1968,willis0@contoso.com,778-555-0141,S,Josh Bailey,778-555-0141,0,M,2,25,40,1,0,Human Resources,14-01-1999,,Current,19990114,1/14/1999,1/14/1999
50,6,Pieter,Wycoff,NULL,Sales Store Manager,15-01-1999,06-08-1969,jun0@contoso.com,299-555-0113,S,David Wright,299-555-0113,0,M,1,25,40,1,0,Production,15-01-1999,,Current,19990115,1/15/1999,1/15/1999
51,6,Dev,Balasubramanian,NULL,Sales Store Manager,15-01-1999,18-02-1966,christian0@contoso.com,846-555-0157,M,Yossi Banai,846-555-0157,1,M,2,25,40,1,0,Facilities and Maintenance,15-01-1999,,Current,19990115,1/15/1999,1/15/1999
52,6,Steven,Wright,M.,Sales Store Manager,15-01-1999,03-05-1973,susan1@contoso.com,639-555-0164,S,Makoto Yamagishi,639-555-0164,0,F,1,25,40,1,0,Production,15-01-1999,,Current,19990115,1/15/1999,1/15/1999
54,6,Eiji,Yasuda,NULL,Sales Store Manager,16-01-1999,10-03-1975,kirk0@contoso.com,669-555-0150,S,Arthur Yasinski,669-555-0150,0,M,1,25,40,1,0,Production,16-01-1999,,Current,19990116,1/16/1999,1/16/1999
55,6,Ed,Banti,NULL,Sales Store Manager,16-01-1999,30-01-1975,david2@contoso.com,712-555-0119,M,Evan Basalik,712-555-0119,0,M,1,25,33,1,0,Production,16-01-1999,,Current,19990116,1/16/1999,1/16/1999
56,6,Mrina,Natarajan,NULL,Sales Store Manager,17-01-1999,29-05-1980,tengiz0@contoso.com,910-555-0116,S,Kirk J. Nason,910-555-0116,0,M,2,25,76,1,0,Document Control,17-01-1999,,Current,19990117,1/17/1999,1/17/1999
57,6,Dave,Barnett,NULL,Sales Store Manager,17-01-1999,16-11-1964,hanying0@contoso.com,319-555-0139,S,Josh Barnhill,319-555-0139,0,M,1,25,15,1,0,Production,17-01-1999,,Current,19990117,1/17/1999,1/17/1999
58,6,Manuel,Oliveira,NULL,Sales Store Manager,18-01-1999,26-01-1976,kevin1@contoso.com,714-555-0138,S,Neil Orint,714-555-0138,0,M,1,25,58,1,0,Production,18-01-1999,,Current,19990118,1/18/1999,1/18/1999
59,6,Adam,Barr,NULL,Sales Store Manager,18-01-1999,27-01-1967,annik0@contoso.com,499-555-0125,M,Chris Barry,499-555-0125,0,M,1,25,17,1,0,Production,18-01-1999,,Current,19990118,1/18/1999,1/18/1999
60,7,Rok,Palcic,NULL,Sales Store Manager,18-01-1999,28-03-1968,suroor0@contoso.com,932-555-0161,S,Ian Palangio,932-555-0161,0,M,1,25,93,1,0,Production,18-01-1999,,Current,19990118,1/18/1999,1/18/1999
61,7,Shai,Bassli,NULL,Sales Store Manager,19-01-1999,07-04-1966,deborah0@contoso.com,602-555-0194,M,Deborah Baumfeld,602-555-0194,0,F,2,25,60,1,0,Finance,19-01-1999,,Current,19990119,1/19/1999,1/19/1999
62,7,Yossi,Ran,NULL,Sales Store Manager,20-01-1999,09-10-1976,jim0@contoso.com,679-555-0113,M,Rajesh Ramanathan,679-555-0113,0,M,1,25,1,1,0,Production,20-01-1999,,Current,19990120,1/20/1999,1/20/1999
63,7,Shaun,Beasley,NULL,Sales Store Manager,20-01-1999,19-11-1973,carole0@contoso.com,688-555-0192,M,Mark Bebbington,688-555-0192,0,F,1,25,42,1,0,Production,20-01-1999,,Current,19990120,1/20/1999,1/20/1999
64,7,Karolina,Salas-Szlejter,NULL,Sales Store Manager,22-01-1999,18-05-1967,george0@contoso.com,518-555-0199,M,Tamer Salah,518-555-0199,0,M,1,25,26,1,0,Production,22-01-1999,,Current,19990122,1/22/1999,1/22/1999
65,7,Anna,Bedecs,NULL,Sales Store Manager,23-01-1999,17-06-1978,gary0@contoso.com,901-555-0125,S,Parry Bedi,901-555-0125,0,M,1,25,69,1,0,Production,23-01-1999,,Current,19990123,1/23/1999,1/23/1999
66,7,Oliver,Szimmetat,NULL,Sales Store Manager,23-01-1999,13-05-1974,cristian0@contoso.com,434-555-0133,M,Radoslaw Szymczak,434-555-0133,0,M,2,25,67,1,0,Production,23-01-1999,,Current,19990123,1/23/1999,1/23/1999
67,7,Ann,Beebe,NULL,Sales Store Manager,24-01-1999,02-04-1957,raymond0@contoso.com,226-555-0197,M,Kostadin Belishky,226-555-0197,0,M,1,25,10,1,0,Production,24-01-1999,,Current,19990124,1/24/1999,1/24/1999
68,7,Jeff,Teper,NULL,Sales Store Manager,24-01-1999,03-03-1975,janaina0@contoso.com,623-555-0155,M,Rakesh Tangirala,623-555-0155,1,F,2,25,71,1,0,Information Services,24-01-1999,,Current,19990124,1/24/1999,1/24/1999
69,7,Allie,Bellew,NULL,Sales Store Manager,25-01-1999,16-09-1969,bob0@contoso.com,611-555-0116,S,Almudena Benito,611-555-0116,0,M,1,25,12,1,0,Production,25-01-1999,,Current,19990125,1/25/1999,1/25/1999
70,7,Siri,Velauthapillai,NULL,Sales Store Manager,25-01-1999,05-11-1970,shammi0@contoso.com,793-555-0179,M,Garrett Vargas,793-555-0179,0,M,1,25,66,1,0,Production,25-01-1999,,Current,19990125,1/25/1999,1/25/1999
71,7,Nuno,Bento,NULL,Sales Store Manager,26-01-1999,17-08-1977,linda0@contoso.com,612-555-0171,M,Karen Berg,612-555-0171,0,F,1,25,96,1,0,Production,26-01-1999,,Current,19990126,1/26/1999,1/26/1999
72,7,Anne,Wallace,NULL,Sales Store Manager,26-01-1999,22-12-1974,mindy0@contoso.com,522-555-0147,M,Larry Waldman,522-555-0147,0,F,2,25,51,1,0,Human Resources,26-01-1999,,Current,19990126,1/26/1999,1/26/1999
73,7,Matt,Berg,NULL,Sales Store Manager,26-01-1999,12-11-1974,wendy0@contoso.com,248-555-0134,S,Martin Berka,248-555-0134,1,F,2,25,55,1,0,Finance,26-01-1999,,Current,19990126,1/26/1999,1/26/1999
74,7,John,Yokim,NULL,Sales Store Manager,27-01-1999,01-06-1974,kim0@contoso.com,309-555-0129,S,Norimichi Yonekura,309-555-0129,0,F,1,25,98,1,0,Shipping and Receiving,27-01-1999,,Current,19990127,1/27/1999,1/27/1999
75,7,Antonio,Bermejo,NULL,Sales Store Manager,27-01-1999,06-12-1965,sandra0@contoso.com,896-555-0168,M,Matthias Berndt,896-555-0168,0,F,1,25,37,1,0,Production,27-01-1999,,Current,19990127,1/27/1999,1/27/1999
76,7,Robert,Zare,NULL,Sales Store Manager,28-01-1999,30-05-1970,kok-ho0@contoso.com,999-555-0155,S,Amr Zaki,999-555-0155,0,M,2,25,78,1,0,Production,28-01-1999,,Current,19990128,1/28/1999,1/28/1999
77,8,Michael,Berroth,NULL,Sales Store Manager,28-01-1999,26-12-1975,douglas0@contoso.com,808-555-0172,M,Dana Birkby,808-555-0172,0,M,1,25,80,1,0,Production,28-01-1999,,Current,19990128,1/28/1999,1/28/1999
79,8,Jimmy,Bischoff,NULL,Sales Store Manager,29-01-1999,07-04-1966,sean0@contoso.com,420-555-0173,S,Scott Bishop,420-555-0173,0,M,2,25,82,1,0,Quality Assurance,29-01-1999,,Current,19990129,1/29/1999,1/29/1999
80,8,Michael,Neipper,NULL,Sales Store Manager,29-01-1999,01-01-1977,nitin0@contoso.com,143-555-0173,S,Jeremy Nelson,143-555-0173,0,M,1,25,21,1,0,Production,29-01-1999,,Current,19990129,1/29/1999,1/29/1999
81,8,Ari,Bixhorn,NULL,Sales Store Manager,30-01-1999,06-07-1976,diane1@contoso.com,815-555-0138,S,Neil Black,815-555-0138,1,F,2,25,62,1,0,Research and Development,30-01-1999,,Current,19990130,1/30/1999,1/30/1999
82,8,Paulo,Neves,NULL,Sales Store Manager,30-01-1999,11-08-1967,rebecca0@contoso.com,314-555-0113,M,Belinda Newman,314-555-0113,0,F,1,25,23,1,0,Production,30-01-1999,,Current,19990130,1/30/1999,1/30/1999
83,8,Rex,Bloesser,NULL,Sales Store Manager,01-02-1999,05-11-1967,rajesh0@contoso.com,373-555-0137,M,Nikhil Bobde,373-555-0137,0,M,1,25,48,1,0,Production,01-02-1999,,Current,19990201,2/1/1999,2/1/1999
84,8,Aaron,Nicholls,NULL,Sales Store Manager,02-02-1999,02-09-1974,vidur0@contoso.com,153-555-0186,S,Chad Niswonger,153-555-0186,0,M,2,25,50,1,0,Human Resources,02-02-1999,,Current,19990202,2/2/1999,2/2/1999
85,8,Tomasz,Bochenek,NULL,Sales Store Manager,02-02-1999,01-07-1968,john1@contoso.com,172-555-0130,S,Catherine Boeger,172-555-0130,0,M,1,25,91,1,0,Production,02-02-1999,,Current,19990202,2/2/1999,2/2/1999
86,8,Toby,Nixon,NULL,Sales Store Manager,03-02-1999,21-12-1978,nancy0@contoso.com,970-555-0118,M,Elly Nkya,970-555-0118,0,F,1,25,34,1,0,Production,03-02-1999,,Current,19990203,2/3/1999,2/3/1999
87,8,Corinna,Bolender,NULL,Sales Store Manager,03-02-1999,11-10-1962,pilar0@contoso.com,577-555-0185,S,Srikanth Bolisetty,577-555-0185,1,M,2,25,93,1,0,Shipping and Receiving,03-02-1999,,Current,19990203,2/3/1999,2/3/1999
88,8,Fabricio,Noriega,NULL,Sales Store Manager,03-02-1999,04-09-1971,david3@contoso.com,373-555-0142,S,Chris Norred,373-555-0142,0,M,1,25,32,1,0,Production,03-02-1999,,Current,19990203,2/3/1999,2/3/1999
89,8,Raffaella,Bonaldi,NULL,Sales Store Manager,04-02-1999,02-08-1973,david4@contoso.com,986-555-0177,S,Luis Bonifaz,986-555-0177,0,M,2,25,73,1,0,Production,04-02-1999,,Current,19990204,2/4/1999,2/4/1999
90,8,Jerry,Orman,NULL,Sales Store Manager,04-02-1999,26-01-1971,laura0@contoso.com,777-555-0141,S,Tad Orman,777-555-0141,0,F,1,25,75,1,0,Production,04-02-1999,,Current,19990204,2/4/1999,2/4/1999
91,8,Laurent,Bonnet,NULL,Sales Store Manager,05-02-1999,20-06-1976,margie0@contoso.com,818-555-0128,M,Randall Boseman,818-555-0128,0,F,1,25,18,1,0,Production,05-02-1999,,Current,19990205,2/5/1999,2/5/1999
92,8,Danni,Ortman,NULL,Sales Store Manager,05-02-1999,02-03-1966,zainal0@contoso.com,204-555-0115,M,Jon Orton,204-555-0115,0,M,2,25,77,1,0,Document Control,05-02-1999,,Current,19990205,2/5/1999,2/5/1999
93,8,Thomas,Bouchard,NULL,Sales Store Manager,05-02-1999,28-12-1978,lorraine0@contoso.com,845-555-0184,M,Eli Bowen,845-555-0184,0,F,1,25,49,1,0,Production,05-02-1999,,Current,19990205,2/5/1999,2/5/1999
94,8,Scott,Oveson,NULL,Sales Store Manager,05-02-1999,19-03-1979,fadi0@contoso.com,935-555-0116,S,Inna Ozhogina,935-555-0116,0,M,1,25,16,1,0,Production,05-02-1999,,Current,19990205,2/5/1999,2/5/1999
95,8,Marc,Boyer,NULL,Sales Store Manager,06-02-1999,15-07-1962,ryan0@contoso.com,208-555-0114,M,Jonas Brandel,208-555-0114,0,M,1,25,59,1,0,Production,06-02-1999,,Current,19990206,2/6/1999,2/6/1999
96,8,Tude,Palma,NULL,Sales Store Manager,07-02-1999,26-03-1966,candy0@contoso.com,920-555-0177,S,Prakash Paramasivam,920-555-0177,0,F,2,25,61,1,0,Finance,07-02-1999,,Current,19990207,2/7/1999,2/7/1999
97,8,Peter,Bankov,NULL,Sales Store Manager,07-02-1999,29-04-1969,nuan0@contoso.com,913-555-0184,S,Dushyant Bansal,913-555-0184,0,M,1,25,2,1,0,Production,07-02-1999,,Current,19990207,2/7/1999,2/7/1999
98,8,Dan,Park,NULL,Sales Store Manager,08-02-1999,08-12-1971,DanPark@contoso.com,148-555-0145,M,Darren Parker,148-555-0145,0,M,2,25,45,1,0,Production Control,08-02-1999,01-10-2001,NULL,20011001,2/8/1999,10/1/2001
99,8,Bryan,Bredehoeft,NULL,Sales Store Manager,08-02-1999,08-12-1971,BryanB@contoso.com,148-555-0145,M,Peter Brehm,148-555-0145,0,M,2,25,45,1,0,Production Control,02-10-2001,,Current,20011002,10/2/2001,10/2/2001
100,8,Rajesh,Patel,M.,Sales Store Manager,08-02-1999,08-12-1979,bjorn0@contoso.com,199-555-0117,S,Sanjay Patel,199-555-0117,0,M,1,25,43,1,0,Production,08-02-1999,,Current,19990208,2/8/1999,2/8/1999
101,8,Alan,Brewer,NULL,Sales Store Manager,09-02-1999,13-03-1977,scott0@contoso.com,391-555-0138,M,Markus Breyer,391-555-0138,0,M,1,25,86,1,0,Production,09-02-1999,,Current,19990209,2/9/1999,2/9/1999
102,8,Dorena,Paschke,NULL,Sales Store Manager,11-02-1999,04-02-1981,michael1@contoso.com,454-555-0119,S,Michael Patten,454-555-0119,0,M,1,25,70,1,0,Production,11-02-1999,,Current,19990211,2/11/1999,2/11/1999
103,8,Nick,Brigandi,NULL,Sales Store Manager,12-02-1999,24-10-1964,lane0@contoso.com,200-555-0117,M,David Bristol,200-555-0117,0,M,1,25,11,1,0,Production,12-02-1999,,Current,19990212,2/12/1999,2/12/1999
104,8,Leonids,Paturskis,NULL,Sales Store Manager,12-02-1999,07-03-1967,pete0@contoso.com,768-555-0123,S,Flemming Pedersen,768-555-0123,0,M,1,25,13,1,0,Production,12-02-1999,,Current,19990212,2/12/1999,2/12/1999
105,8,Allison,Brown,NULL,Sales Store Manager,12-02-1999,28-07-1971,dan0@contoso.com,166-555-0159,M,Jed Brown,166-555-0159,1,M,2,25,72,1,0,Information Services,12-02-1999,,Current,19990212,2/12/1999,2/12/1999
106,8,Yael,Peled,NULL,Sales Store Manager,13-02-1999,23-07-1954,david5@contoso.com,477-555-0132,S,Laurent Penisson,477-555-0132,0,M,2,25,56,1,0,Finance,13-02-1999,,Current,19990213,2/13/1999,2/13/1999
107,8,Robert,Brown,NULL,Sales Store Manager,13-02-1999,25-02-1963,lolan0@contoso.com,582-555-0178,M,Scott Brown,582-555-0178,0,M,1,25,7,1,0,Production,13-02-1999,,Current,19990213,2/13/1999,2/13/1999
108,8,Lori,Penor,NULL,Sales Store Manager,13-02-1999,13-03-1977,paula1@contoso.com,476-555-0119,M,Lionel Penuchot,476-555-0119,0,F,1,25,54,1,0,Production,13-02-1999,,Current,19990213,2/13/1999,2/13/1999
109,8,Daniel,Brunner,NULL,Sales Store Manager,13-02-1999,14-10-1952,mary0@contoso.com,531-555-0183,M,Chloe Brussard,531-555-0183,0,F,2,25,46,1,0,Marketing,13-02-1999,,Current,19990213,2/13/1999,2/13/1999
110,9,Michel,Pereira,NULL,Sales Store Manager,14-02-1999,07-06-1968,mindaugas0@contoso.com,637-555-0120,M,Tom Perham,637-555-0120,0,M,1,25,97,1,0,Production,14-02-1999,,Current,19990214,2/14/1999,2/14/1999
111,9,Chris,Bryant,NULL,Sales Store Manager,15-02-1999,20-02-1975,eric0@contoso.com,260-555-0119,M,Susan Burk,260-555-0119,0,M,2,25,40,1,0,Production,15-02-1999,,Current,19990215,2/15/1999,2/15/1999
112,9,Wirote,Petchdenlarp,NULL,Sales Store Manager,15-02-1999,02-03-1959,ken0@contoso.com,697-555-0142,S,Cristian Petculescu,697-555-0142,1,M,2,25,99,1,0,Executive,15-02-1999,,Current,19990215,2/15/1999,2/15/1999
113,9,Brian,Burke,NULL,Sales Store Manager,15-02-1999,08-01-1979,jason0@contoso.com,571-555-0179,S,Ovidiu Burlacu,571-555-0179,0,M,1,25,38,1,0,Production,15-02-1999,,Current,19990215,2/15/1999,2/15/1999
114,9,Palle,Petersen,NULL,Sales Store Manager,16-02-1999,31-05-1976,mark0@contoso.com,147-555-0179,S,Pierangela Pezzini,147-555-0179,0,M,2,25,83,1,0,Quality Assurance,16-02-1999,,Current,19990216,2/16/1999,2/16/1999
115,9,Tzipi,Butnaru,NULL,Sales Store Manager,16-02-1999,25-08-1962,janeth0@contoso.com,540-555-0191,S,Dennis Bye,540-555-0191,0,F,1,25,81,1,0,Production,16-02-1999,,Current,19990216,2/16/1999,2/16/1999
116,9,Terrence,Philip,NULL,Sales Store Manager,17-02-1999,24-11-1976,marc0@contoso.com,234-555-0169,M,Jeff Phillips,234-555-0169,0,M,1,25,22,1,0,Production,17-02-1999,,Current,19990217,2/17/1999,2/17/1999
117,9,Rick,Byham,NULL,Sales Store Manager,17-02-1999,21-02-1969,gigi0@contoso.com,185-555-0186,M,Randy Byrne,185-555-0186,1,F,2,25,63,1,0,Research and Development,17-02-1999,,Current,19990217,2/17/1999,2/17/1999
118,9,Michal,Piaseczny,NULL,Sales Store Manager,18-02-1999,05-12-1980,paul1@contoso.com,727-555-0112,M,Guido Pica,727-555-0112,0,M,1,25,6,1,0,Production,18-02-1999,,Current,19990218,2/18/1999,2/18/1999
119,9,Reina,Cabatana,NULL,Sales Store Manager,18-02-1999,07-10-1977,frank0@contoso.com,158-555-0191,M,Ryan Calafato,158-555-0191,0,M,1,25,56,1,0,Production,18-02-1999,,Current,19990218,2/18/1999,2/18/1999
120,9,Pilar,Pinilla,NULL,Sales Store Manager,18-02-1999,17-06-1965,françois0@contoso.com,785-555-0110,S,Armando Pinto,785-555-0110,1,M,2,25,67,1,0,Information Services,18-02-1999,,Current,19990218,2/18/1999,2/18/1999
121,9,Iulian,Calinov,NULL,Sales Store Manager,19-02-1999,10-09-1979,diane2@contoso.com,361-555-0180,S,Geert Camelbeke,361-555-0180,0,F,1,25,8,1,0,Production,19-02-1999,,Current,19990219,2/19/1999,2/19/1999
122,9,Tanja,Plate,NULL,Sales Store Manager,19-02-1999,19-07-1969,jill0@contoso.com,510-555-0121,M,Idan Plonsky,510-555-0121,0,F,2,25,47,1,0,Marketing,19-02-1999,,Current,19990219,2/19/1999,2/19/1999
123,9,Maria,Cameron,NULL,Sales Store Manager,21-02-1999,01-07-1981,angela0@contoso.com,150-555-0194,S,David Campbell,150-555-0194,0,F,1,25,92,1,0,Production,21-02-1999,,Current,19990221,2/21/1999,2/21/1999
124,9,Ekaterina,Podkolzina,NULL,Sales Store Manager,21-02-1999,13-12-1963,matthias0@contoso.com,139-555-0120,M,Toni Poe,139-555-0120,0,M,2,25,94,1,0,Shipping and Receiving,21-02-1999,,Current,19990221,2/21/1999,2/21/1999
125,9,Jamie,Campbell,NULL,Sales Store Manager,22-02-1999,28-09-1963,bryan0@contoso.com,712-555-0113,S,Fabrice Canel,712-555-0113,0,M,1,25,35,1,0,Production,22-02-1999,,Current,19990222,2/22/1999,2/22/1999
126,9,Grigory,Pogulsky,NULL,Sales Store Manager,22-02-1999,16-02-1967,jeff0@contoso.com,350-555-0167,M,Carole Poland,350-555-0167,0,M,2,25,74,1,0,Production,22-02-1999,,Current,19990222,2/22/1999,2/22/1999
127,9,Paul,Cannon,NULL,Sales Store Manager,22-02-1999,15-08-1977,eugene0@contoso.com,241-555-0191,S,Jon Cantrell,241-555-0191,0,M,1,25,33,1,0,Production,22-02-1999,,Current,19990222,2/22/1999,2/22/1999
128,9,Josh,Pollock,NULL,Sales Store Manager,23-02-1999,02-08-1969,barbara0@contoso.com,119-555-0192,M,Laura Steele Polly,119-555-0192,0,F,1,25,17,1,0,Production,23-02-1999,,Current,19990223,2/23/1999,2/23/1999
129,9,Cyril,Carbonati,NULL,Sales Store Manager,23-02-1999,17-01-1979,chris0@contoso.com,200-555-0112,M,Richard Carey,200-555-0112,0,M,1,25,76,1,0,Production,23-02-1999,,Current,19990223,2/23/1999,2/23/1999
130,9,Cristina,Potra,NULL,Sales Store Manager,23-02-1999,12-04-1977,sean1@contoso.com,205-555-0132,S,Houman Pournasseh,205-555-0132,0,M,2,25,78,1,0,Document Control,23-02-1999,,Current,19990223,2/23/1999,2/23/1999
131,9,Jason,Carlson,NULL,Sales Store Manager,23-02-1999,06-02-1966,dan1@contoso.com,653-555-0144,M,Ty Carlson,653-555-0144,1,M,2,25,66,1,0,Information Services,23-02-1999,,Current,19990223,2/23/1999,2/23/1999
132,9,Chris,Preston,NULL,Sales Store Manager,24-02-1999,26-10-1969,mark1@contoso.com,417-555-0154,S,Jeff Price,417-555-0154,0,M,1,25,19,1,0,Production,24-02-1999,,Current,19990224,2/24/1999,2/24/1999
133,9,Fernando,Caro,NULL,Sales Store Manager,25-02-1999,22-10-1974,bryan1@contoso.com,935-555-0199,S,Rob Caron,935-555-0199,0,M,2,25,62,1,0,Finance,25-02-1999,,Current,19990225,2/25/1999,2/25/1999
134,9,Vishwa,Ranjan,NULL,Sales Store Manager,26-02-1999,30-09-1961,houman0@contoso.com,180-555-0136,M,Markus Rankenburg,180-555-0136,0,M,1,25,3,1,0,Production,26-02-1999,,Current,19990226,2/26/1999,2/26/1999
135,9,Chase,Carpenter,NULL,Sales Store Manager,27-02-1999,22-01-1978,sairaj0@contoso.com,500-555-0159,M,Adam Carter,500-555-0159,0,M,2,25,46,1,0,Production Control,27-02-1999,,Current,19990227,2/27/1999,2/27/1999
136,9,Arvind,Rao,B.,Sales Store Manager,27-02-1999,28-07-1972,michiko0@contoso.com,984-555-0148,S,Rui Raposo,984-555-0148,0,M,1,25,44,1,0,Production,27-02-1999,,Current,19990227,2/27/1999,2/27/1999
137,9,Carlos,Carvallo,NULL,Sales Store Manager,28-02-1999,06-02-1976,benjamin0@contoso.com,533-555-0111,S,Rob Cason,533-555-0111,0,M,1,25,28,1,0,Production,28-02-1999,,Current,19990228,2/28/1999,2/28/1999
138,9,Morten,Rasmussen,NULL,Sales Store Manager,28-02-1999,19-09-1971,cynthia0@contoso.com,352-555-0138,S,Andrew Rath,352-555-0138,0,F,2,25,69,1,0,Production,28-02-1999,,Current,19990228,2/28/1999,2/28/1999
139,9,Gitte,Casparij,NULL,Sales Store Manager,28-02-1999,02-12-1980,kathie0@contoso.com,446-555-0118,M,Joao Casqueiro,446-555-0118,0,F,1,25,87,1,0,Production,28-02-1999,,Current,19990228,2/28/1999,2/28/1999
140,9,Mike,Ray,NULL,Sales Store Manager,02-03-1999,30-10-1979,britta0@contoso.com,955-555-0169,M,Rodrigo Ready,955-555-0169,0,F,1,25,14,1,0,Production,02-03-1999,,Current,19990302,3/2/1999,3/2/1999
141,9,Giorgio,Cavaglieri,NULL,Sales Store Manager,02-03-1999,14-03-1967,brian0@contoso.com,110-555-0182,S,Matt Cavallari,110-555-0182,0,M,1,25,55,1,0,Production,02-03-1999,,Current,19990302,3/2/1999,3/2/1999
142,9,April,Reagan,NULL,Sales Store Manager,03-03-1999,08-08-1973,david6@contoso.com,646-555-0185,M,Jamie Reding,646-555-0185,1,M,2,25,57,1,0,Finance,03-03-1999,,Current,19990303,3/3/1999,3/3/1999
143,9,Luisa,Cazzaniga,NULL,Sales Store Manager,04-03-1999,06-02-1966,LuisaC@contoso.com,615-555-0110,M,Ural Cebeci,615-555-0110,1,F,2,25,0,1,0,Executive,04-03-1999,15-12-2003,NULL,20031215,3/4/1999,12/15/2003
144,9,Barak,Regev,NULL,Sales Store Manager,04-03-1999,06-02-1966,BarakR@contoso.com,615-555-0110,M,Miles Reid,615-555-0110,1,F,2,25,0,1,0,Executive,15-12-2003,,Current,20031215,12/15/2003,12/15/2003
145,9,Sean,Chai,NULL,Sales Store Manager,04-03-1999,03-06-1964,michael2@contoso.com,441-555-0195,S,Gareth Chan,441-555-0195,0,M,1,25,98,1,0,Production,04-03-1999,,Current,19990304,3/4/1999,3/4/1999
146,9,Enoch,Remick,T.,Sales Store Manager,04-03-1999,20-11-1973,andy0@contoso.com,118-555-0110,M,Olivier Renaud,118-555-0110,0,M,1,25,39,1,0,Production,04-03-1999,,Current,19990304,3/4/1999,3/4/1999
147,9,Greg,Chapman,NULL,Sales Store Manager,05-03-1999,08-05-1967,yuhong0@contoso.com,965-555-0155,M,Mathew Charles,965-555-0155,0,M,2,25,41,1,0,Production,05-03-1999,,Current,19990305,3/5/1999,3/5/1999
148,9,Bjorn,Rettig,NULL,Sales Store Manager,06-03-1999,01-04-1975,robert0@contoso.com,589-555-0147,S,Delphine Ribaute,589-555-0147,0,M,1,25,82,1,0,Production,06-03-1999,,Current,19990306,3/6/1999,3/6/1999
149,9,Neil,Charney,NULL,Sales Store Manager,06-03-1999,29-04-1979,andreas0@contoso.com,181-555-0124,M,Mohammad Chami,181-555-0124,0,M,2,25,84,1,0,Quality Assurance,06-03-1999,,Current,19990306,3/6/1999,3/6/1999
150,9,Don,Richardson,NULL,Sales Store Manager,06-03-1999,09-02-1979,reed0@contoso.com,678-555-0110,M,Shawn Richardson,678-555-0110,0,M,1,25,23,1,0,Production,06-03-1999,,Current,19990306,3/6/1999,3/6/1999
151,9,Ankur,Chavda,NULL,Sales Store Manager,07-03-1999,06-11-1967,linda1@contoso.com,696-555-0157,S,Francisco Chaves,696-555-0157,0,F,1,25,12,1,0,Production,07-03-1999,,Current,19990307,3/7/1999,3/7/1999
152,9,Wendy,Richardson,NULL,Sales Store Manager,07-03-1999,07-02-1973,james1@contoso.com,870-555-0122,S,Jack S. Richins,870-555-0122,1,M,2,25,64,1,0,Production,07-03-1999,,Current,19990307,3/7/1999,3/7/1999
153,9,Aik,Chen,NULL,Sales Store Manager,07-03-1999,14-04-1978,ramesh0@contoso.com,182-555-0134,S,Jacky Chen,182-555-0134,1,M,2,25,73,1,0,Information Services,07-03-1999,,Current,19990307,3/7/1999,3/7/1999
154,9,Anders,Riis,NULL,Sales Store Manager,08-03-1999,26-04-1974,stephanie0@contoso.com,594-555-0110,S,Bjarne Riis,594-555-0110,1,F,2,25,68,1,0,Information Services,08-03-1999,,Current,19990308,3/8/1999,3/8/1999
155,9,Jeff,Chia,NULL,Sales Store Manager,08-03-1999,23-12-1977,samantha0@contoso.com,587-555-0114,M,Martin Chisholm,587-555-0114,0,F,1,25,7,1,0,Production,08-03-1999,,Current,19990308,3/8/1999,3/8/1999
156,9,Titti,Ringstrom,NULL,Sales Store Manager,09-03-1999,12-12-1979,tawana0@contoso.com,368-555-0113,S,Juan-Carlos Rivas,368-555-0113,0,M,1,25,50,1,0,Production,09-03-1999,,Current,19990309,3/9/1999,3/9/1999
157,9,Michal,Chmiela,NULL,Sales Store Manager,09-03-1999,07-08-1978,denise0@contoso.com,869-555-0119,M,Manish Chopra,869-555-0119,0,F,1,25,9,1,0,Production,09-03-1999,,Current,19990309,3/9/1999,3/9/1999
158,9,John,Rodman,NULL,Sales Store Manager,10-03-1999,19-05-1967,hao0@contoso.com,806-555-0136,S,Scott Rockfeld,806-555-0136,0,M,2,25,52,1,0,Human Resources,10-03-1999,,Current,19990310,3/10/1999,3/10/1999
159,9,Ray,Chow,NULL,Sales Store Manager,12-03-1999,14-05-1980,alex0@contoso.com,819-555-0198,M,Terri Chudzik,819-555-0198,0,M,1,25,77,1,0,Production,12-03-1999,,Current,19990312,3/12/1999,3/12/1999
160,9,Don,Roessler,NULL,Sales Store Manager,12-03-1999,13-03-1966,eugene1@contoso.com,173-555-0179,S,Marek Rolecki,173-555-0179,0,M,1,25,36,1,0,Production,12-03-1999,,Current,19990312,3/12/1999,3/12/1999
161,9,Alice,Ciccu,NULL,Sales Store Manager,12-03-1999,11-02-1967,brandon0@contoso.com,429-555-0137,M,Ken Circeo,429-555-0137,0,M,1,25,22,1,0,Production,12-03-1999,,Current,19990312,3/12/1999,3/12/1999
162,9,Kelly,Rollin,NULL,Sales Store Manager,12-03-1999,27-03-1977,dylan0@contoso.com,181-555-0156,M,Daniel Roman,181-555-0156,1,M,2,25,61,1,0,Research and Development,12-03-1999,,Current,19990312,3/12/1999,3/12/1999
163,9,Izak,Cohen,NULL,Sales Store Manager,12-03-1999,24-06-1980,shane0@contoso.com,810-555-0178,S,Pat Coleman,810-555-0178,0,M,2,25,75,1,0,Production,12-03-1999,,Current,19990312,3/12/1999,3/12/1999
164,9,Daniel,Roth,NULL,Sales Store Manager,13-03-1999,06-05-1976,john2@contoso.com,201-555-0163,M,Tali Roth,201-555-0163,0,M,1,25,18,1,0,Production,13-03-1999,,Current,19990313,3/13/1999,3/13/1999
165,9,Aaron,Con,NULL,Sales Store Manager,13-03-1999,25-01-1966,karen0@contoso.com,746-555-0164,M,Peter Connelly,746-555-0164,0,F,2,25,79,1,0,Document Control,13-03-1999,,Current,19990313,3/13/1999,3/13/1999
166,9,Pablo,Rovira Diez,NULL,Sales Store Manager,14-03-1999,01-09-1974,jose0@contoso.com,587-555-0115,M,Todd Rowe,587-555-0115,0,M,1,25,20,1,0,Production,14-03-1999,,Current,19990314,3/14/1999,3/14/1999
167,9,Kevin,Cook,NULL,Sales Store Manager,14-03-1999,21-04-1976,mandar0@contoso.com,140-555-0132,S,Jeroen Cool,140-555-0132,0,M,1,25,0,1,0,Production,14-03-1999,,Current,19990314,3/14/1999,3/14/1999
168,9,Erik,Rucker,NULL,Sales Store Manager,14-03-1999,18-09-1974,mikael0@contoso.com,309-555-0170,S,Raimonds Rudmanis,309-555-0170,0,M,2,25,59,1,0,Purchasing,14-03-1999,,Current,19990314,3/14/1999,3/14/1999
169,9,Jim,Corbin,NULL,Sales Store Manager,15-03-1999,27-07-1968,sameer0@contoso.com,990-555-0172,M,Michel Cordani,990-555-0172,0,M,1,25,4,1,0,Production,15-03-1999,,Current,19990315,3/15/1999,3/15/1999
170,9,Michael,Ruggiero,NULL,Sales Store Manager,15-03-1999,18-03-1967,dragan0@contoso.com,117-555-0185,M,Christian Rytt,117-555-0185,0,M,2,25,63,1,0,Finance,15-03-1999,,Current,19990315,3/15/1999,3/15/1999
171,9,Cecilia,Cornejo,NULL,Sales Store Manager,16-03-1999,18-11-1978,carol0@contoso.com,609-555-0153,M,Eva Corets,609-555-0153,0,F,1,25,45,1,0,Production,16-03-1999,,Current,19990316,3/16/1999,3/16/1999
172,9,Sharon,Salavaria,NULL,Sales Store Manager,17-03-1999,05-09-1963,rob1@contoso.com,238-555-0116,S,Raymond Sam,238-555-0116,0,M,1,25,71,1,0,Production,17-03-1999,,Current,19990317,3/17/1999,3/17/1999
173,9,Robin,Counts,NULL,Sales Store Manager,17-03-1999,14-07-1961,don0@contoso.com,100-555-0174,M,Jack Creasey,100-555-0174,0,M,1,25,88,1,0,Production,17-03-1999,,Current,19990317,3/17/1999,3/17/1999
174,9,Ken,Sánchez,NULL,Sales Store Manager,17-03-1999,30-04-1974,alan0@contoso.com,438-555-0172,M,Yolanda Sánchez,438-555-0172,0,M,2,25,47,1,0,Production Control,17-03-1999,,Current,19990317,3/17/1999,3/17/1999
175,9,Ioan,Crisiarcu,NULL,Sales Store Manager,18-03-1999,25-10-1975,david7@contoso.com,118-555-0177,M,Grant Culbertson,118-555-0177,0,M,1,25,29,1,0,Production,18-03-1999,,Current,19990318,3/18/1999,3/18/1999
176,9,Mandar,Samant,NULL,Sales Store Manager,19-03-1999,07-11-1980,baris0@contoso.com,164-555-0114,S,Prasanna Samarawickrama,164-555-0114,0,M,1,25,72,1,0,Production,19-03-1999,,Current,19990319,3/19/1999,3/19/1999
177,9,Scott,Culp,NULL,Sales Store Manager,19-03-1999,02-03-1979,michael3@contoso.com,156-555-0199,S,Conor Cunningham,156-555-0199,0,M,2,25,70,1,0,Production,19-03-1999,,Current,19990319,3/19/1999,3/19/1999
178,9,Patrick,Sands,NULL,Sales Store Manager,19-03-1999,07-05-1981,steve0@contoso.com,712-555-0170,S,Dubravka Salopek,712-555-0170,0,M,1,25,31,1,0,Production,19-03-1999,,Current,19990319,3/19/1999,3/19/1999
179,9,Pawel,Czernek,NULL,Sales Store Manager,20-03-1999,11-07-1977,suchitra0@contoso.com,753-555-0129,M,Wojciech Czupta,753-555-0129,0,F,1,25,15,1,0,Production,20-03-1999,,Current,19990320,3/20/1999,3/20/1999
180,9,Mark,Sargent,NULL,Sales Store Manager,20-03-1999,19-06-1968,karen1@contoso.com,654-555-0177,S,Esko Sario,654-555-0177,1,F,2,25,74,1,0,Information Services,20-03-1999,,Current,19990320,3/20/1999,3/20/1999
181,9,Apurva,Dalia,NULL,Sales Store Manager,20-03-1999,09-01-1975,terrence0@contoso.com,110-555-0115,S,Ofer Daliot,110-555-0115,0,M,1,25,13,1,0,Production,20-03-1999,,Current,19990320,3/20/1999,3/20/1999
182,9,Tihomir,Sasic,NULL,Sales Store Manager,22-03-1999,04-02-1966,barbara1@contoso.com,822-555-0145,M,Raman Sarin,822-555-0145,1,F,2,25,58,1,0,Finance,22-03-1999,,Current,19990322,3/22/1999,3/22/1999
183,9,Jim,Daly,NULL,Sales Store Manager,22-03-1999,04-09-1980,chad0@contoso.com,559-555-0175,M,Ryan Danner,559-555-0175,0,M,1,25,99,1,0,Production,22-03-1999,,Current,19990322,3/22/1999,3/22/1999
184,9,Michiyo,Sato,NULL,Sales Store Manager,23-03-1999,15-10-1967,rostislav0@contoso.com,751-555-0134,M,Naoki Sato,751-555-0134,0,M,1,25,40,1,0,Production,23-03-1999,,Current,19990323,3/23/1999,3/23/1999
185,9,Mike,Danseglio,NULL,Sales Store Manager,24-03-1999,19-10-1959,belinda0@contoso.com,319-555-0126,S,Alex Darrow,319-555-0126,0,F,1,25,83,1,0,Production,24-03-1999,,Current,19990324,3/24/1999,3/24/1999
186,9,Rimvydas,Saulis,NULL,Sales Store Manager,24-03-1999,20-12-1974,katie0@contoso.com,809-555-0133,S,Kazuki Sawanoi,809-555-0133,0,F,2,25,42,1,0,Production,24-03-1999,,Current,19990324,3/24/1999,3/24/1999
187,9,Shannon,Dascher,NULL,Sales Store Manager,25-03-1999,14-03-1972,russell1@contoso.com,517-555-0122,M,Velimir Davidovski,517-555-0122,0,M,1,25,24,1,0,Production,25-03-1999,,Current,19990325,3/25/1999,3/25/1999
188,9,George,Schaller,NULL,Sales Store Manager,25-03-1999,23-07-1973,jack0@contoso.com,552-555-0111,S,Gary Schare,552-555-0111,0,M,2,25,68,1,0,Production,25-03-1999,,Current,19990325,3/25/1999,3/25/1999
189,9,Andrew,Davis,NULL,Sales Store Manager,26-03-1999,08-10-1978,andrew0@contoso.com,908-555-0159,S,Sara Davis,908-555-0159,0,M,2,25,65,1,0,Production,26-03-1999,,Current,19990326,3/26/1999,3/26/1999
190,9,Rainer,Schiller,NULL,Sales Store Manager,26-03-1999,10-05-1976,nicole0@contoso.com,508-555-0129,M,Janet Schorr,508-555-0129,0,F,1,25,67,1,0,Production,26-03-1999,,Current,19990326,3/26/1999,3/26/1999
191,9,Eric,Davison,NULL,Sales Store Manager,27-03-1999,24-08-1961,frank1@contoso.com,167-555-0139,S,Marlowe Dayley,167-555-0139,0,M,1,25,10,1,0,Production,27-03-1999,,Current,19990327,3/27/1999,3/27/1999
192,9,Boris,Scholl,NULL,Sales Store Manager,27-03-1999,29-06-1970,peter1@contoso.com,310-555-0133,S,Thorsten Scholl,310-555-0133,0,M,2,25,69,1,0,Information Services,27-03-1999,,Current,19990327,3/27/1999,3/27/1999
193,9,Denis,Dehenne,NULL,Sales Store Manager,27-03-1999,06-10-1964,anibal0@contoso.com,106-555-0120,S,Aidan Delaney,106-555-0120,0,F,1,25,8,1,0,Production,27-03-1999,,Current,19990327,3/27/1999,3/27/1999
194,9,Andreas,Schou,NULL,Sales Store Manager,28-03-1999,29-06-1971,ken1@contoso.com,949-555-0174,M,Steve Schmidt,949-555-0174,0,M,1,25,51,1,0,Production,28-03-1999,,Current,19990328,3/28/1999,3/28/1999
195,9,Axel,Delgado,NULL,Sales Store Manager,29-03-1999,18-05-1966,grant0@contoso.com,955-555-0131,S,Eduard Dell,955-555-0131,0,M,2,25,66,1,0,Human Resources,29-03-1999,,Current,19990329,3/29/1999,3/29/1999
196,9,Miguel,Severino,NULL,Sales Store Manager,29-03-1999,17-07-1979,michael4@contoso.com,817-555-0186,S,James Seymour,817-555-0186,0,M,1,25,94,1,0,Production,29-03-1999,,Current,19990329,3/29/1999,3/29/1999
197,10,Luca,Dellamore,NULL,Sales Store Manager,30-03-1999,15-04-1978,lionel0@contoso.com,450-555-0152,S,Stephen Deming,450-555-0152,0,M,1,25,78,1,0,Production,30-03-1999,,Current,19990330,3/30/1999,3/30/1999
198,10,Jill,Shrader,NULL,Sales Store Manager,30-03-1999,11-02-1976,thomas0@contoso.com,278-555-0118,M,Shish Shridhar,278-555-0118,0,M,1,25,37,1,0,Production,30-03-1999,,Current,19990330,3/30/1999,3/30/1999
199,10,Molly,Dempsey,NULL,Sales Store Manager,30-03-1999,05-06-1975,jimmy0@contoso.com,927-555-0168,M,Bruno Denuit,927-555-0168,0,M,1,25,96,1,0,Shipping and Receiving,30-03-1999,,Current,19990330,3/30/1999,3/30/1999
200,10,Alexandre,Silva,NULL,Sales Store Manager,30-03-1999,19-10-1972,michael5@contoso.com,296-555-0121,M,Edmund Silva,296-555-0121,0,M,1,25,35,1,0,Production,30-03-1999,,Current,19990330,3/30/1999,3/30/1999
201,10,Prashanth,Desai,NULL,Sales Store Manager,30-03-1999,19-08-1970,lori0@contoso.com,289-555-0196,S,Shane DeSeranno,289-555-0196,0,F,2,25,76,1,0,Production,30-03-1999,,Current,19990330,3/30/1999,3/30/1999
202,10,Alex,Simmons,J.,Sales Store Manager,01-04-1999,21-09-1964,arvind0@contoso.com,848-555-0163,M,Britta Simon,848-555-0163,0,M,2,25,60,1,0,Purchasing,01-04-1999,,Current,19990401,4/1/1999,4/1/1999
203,10,Michael,DeVoe,NULL,Sales Store Manager,01-04-1999,21-01-1966,stefen0@contoso.com,165-555-0113,S,Craig Dewar,165-555-0113,0,M,1,25,19,1,0,Production,01-04-1999,,Current,19990401,4/1/1999,4/1/1999
204,10,David,Simpson,NULL,Sales Store Manager,01-04-1999,27-11-1967,hazem0@contoso.com,869-555-0125,S,Katherine Simpson,869-555-0125,1,M,2,25,80,1,0,Quality Assurance,01-04-1999,,Current,19990401,4/1/1999,4/1/1999
205,10,Cari,Dick,NULL,Sales Store Manager,02-04-1999,09-04-1969,janet0@contoso.com,393-555-0186,M,Holly Dickson,393-555-0186,0,F,2,25,64,1,0,Finance,02-04-1999,,Current,19990402,4/2/1999,4/2/1999
206,10,Ashima,Singhal,NULL,Sales Store Manager,03-04-1999,26-02-1980,elizabeth0@contoso.com,318-555-0137,M,Soumya Singhi,318-555-0137,0,F,1,25,5,1,0,Production,03-04-1999,,Current,19990403,4/3/1999,4/3/1999
207,10,Cliff,Didcock,NULL,Sales Store Manager,03-04-1999,07-03-1976,terry0@contoso.com,138-555-0118,M,Andrew Dixon,138-555-0118,0,M,2,25,44,1,0,Marketing,03-04-1999,,Current,19990403,4/3/1999,4/3/1999
208,10,Bonnie,Skelly,L.,Sales Store Manager,04-04-1999,24-04-1972,john3@contoso.com,663-555-0172,S,Morgan Skinner,663-555-0172,0,M,1,25,27,1,0,Production,04-04-1999,,Current,19990404,4/4/1999,4/4/1999
209,10,Blaine,Dockter,NULL,Sales Store Manager,04-04-1999,13-06-1973,merav0@contoso.com,224-555-0187,M,Jane Dow,224-555-0187,0,F,1,25,46,1,0,Production,04-04-1999,,Current,19990404,4/4/1999,4/4/1999
210,10,Egil,Skjold,Ivar,Sales Store Manager,04-04-1999,12-09-1974,brian1@contoso.com,313-555-0196,M,Randy Slycord,313-555-0196,0,M,2,25,48,1,0,Production Control,04-04-1999,,Current,19990404,4/4/1999,4/4/1999
211,10,Chris,Downs,NULL,Sales Store Manager,05-04-1999,07-07-1977,kitti0@contoso.com,785-555-0132,S,Patricia Doyle,785-555-0132,0,F,1,25,89,1,0,Production,05-04-1999,,Current,19990405,4/5/1999,4/5/1999
212,10,Ben,Smith,NULL,Sales Store Manager,06-04-1999,14-03-1966,jay0@contoso.com,407-555-0165,S,Denise Smith,407-555-0165,0,M,1,25,32,1,0,Production,06-04-1999,,Current,19990406,4/6/1999,4/6/1999
213,10,Jan,Dryml,NULL,Sales Store Manager,06-04-1999,16-12-1964,jan0@contoso.com,139-555-0131,S,Dominik Dubicki,139-555-0131,0,M,1,25,30,1,0,Production,06-04-1999,,Current,19990406,4/6/1999,4/6/1999
214,10,Brian,Smith,NULL,Sales Store Manager,06-04-1999,31-03-1973,brenda0@contoso.com,142-555-0139,M,Derek Snyder,142-555-0139,0,F,2,25,71,1,0,Production,06-04-1999,,Current,19990406,4/6/1999,4/6/1999
215,10,Bernard,Duerr,NULL,Sales Store Manager,07-04-1999,26-10-1978,andrew1@contoso.com,207-555-0192,S,Marina Dukhon,207-555-0192,0,M,1,25,73,1,0,Production,07-04-1999,,Current,19990407,4/7/1999,4/7/1999
216,10,Lorrin,Smith-Bates,G.,Sales Store Manager,07-04-1999,26-06-1977,chris1@contoso.com,575-555-0126,M,Tony Smith,575-555-0126,0,M,2,25,75,1,0,Document Control,07-04-1999,,Current,19990407,4/7/1999,4/7/1999
217,10,Andrea,Dunker,NULL,Sales Store Manager,08-04-1999,07-09-1976,chris2@contoso.com,315-555-0144,S,Adrian Dumitrascu,315-555-0144,0,M,1,25,16,1,0,Production,08-04-1999,,Current,19990408,4/8/1999,4/8/1999
218,10,Martin,Spona,NULL,Sales Store Manager,08-04-1999,08-01-1977,shelley0@contoso.com,991-555-0184,S,Christof Sprenger,991-555-0184,0,F,1,25,14,1,0,Production,08-04-1999,,Current,19990408,4/8/1999,4/8/1999
219,10,Bart,Duncan,NULL,Sales Store Manager,09-04-1999,11-06-1978,gabe0@contoso.com,310-555-0117,M,Daniel Durrer,310-555-0117,0,M,1,25,57,1,0,Production,09-04-1999,,Current,19990409,4/9/1999,4/9/1999
220,10,Jeff,Stammler,NULL,Sales Store Manager,09-04-1999,01-08-1969,mike0@contoso.com,927-555-0150,S,Jamie Stark,927-555-0150,1,M,2,25,59,1,0,Finance,09-04-1999,,Current,19990409,4/9/1999,4/9/1999
221,10,Shelley,Dyck,NULL,Sales Store Manager,04-06-1999,01-01-1975,michael6@contoso.com,330-555-2568,M,Maria Dykstra,330-555-2568,1,M,2,25,16,1,0,Research and Development,04-06-1999,,Current,19990604,6/4/1999,6/4/1999
222,10,Mark,Steele,NULL,Sales Store Manager,03-01-2000,21-03-1961,gary1@contoso.com,110-555-0112,M,Heidi Steen,110-555-0112,1,M,2,25,86,1,0,Facilities and Maintenance,03-01-2000,,Current,20000103,1/3/2000,1/3/2000
223,10,Witold,Dyszkiewicz,NULL,Sales Store Manager,04-01-2000,03-10-1961,charles0@contoso.com,931-555-0118,S,Krittiya Eamsiri,931-555-0118,0,M,1,25,27,1,0,Production,04-01-2000,,Current,20000104,1/4/2000,1/4/2000
224,10,Brad,Sutton,NULL,Sales Store Manager,07-01-2000,23-10-1976,ebru0@contoso.com,202-555-0187,S,Kern Sutton,202-555-0187,0,M,1,25,93,1,0,Production,07-01-2000,,Current,20000107,1/7/2000,1/7/2000
225,10,Terry,Earls,NULL,Sales Store Manager,12-01-2000,13-12-1960,sylvester0@contoso.com,492-555-0174,M,Mads Ebdrup,492-555-0174,0,M,1,25,4,1,0,Production,12-01-2000,,Current,20000112,1/12/2000,1/12/2000
226,10,Bernard,Tham,NULL,Sales Store Manager,12-01-2000,23-01-1961,brian2@contoso.com,730-555-0117,S,Ram Thirunavukkarasu,730-555-0117,0,M,1,25,63,1,0,Production,12-01-2000,,Current,20000112,1/12/2000,1/12/2000
227,10,Josh,Edwards,NULL,Sales Store Manager,18-01-2000,31-12-1960,linda2@contoso.com,916-555-0165,M,Alexander Eggerer,916-555-0165,0,F,2,25,56,1,0,Purchasing,18-01-2000,,Current,20000118,1/18/2000,1/18/2000
228,10,Sandhya,Thodla,NULL,Sales Store Manager,19-01-2000,17-01-1933,betsy0@contoso.com,405-555-0171,S,Tien Dung Thoi,405-555-0171,0,F,1,25,99,1,0,Production,19-01-2000,,Current,20000119,1/19/2000,1/19/2000
229,10,Vladimir,Egorov,NULL,Sales Store Manager,22-01-2000,27-09-1961,magnus0@contoso.com,583-555-0182,M,Mohamed Elkugia,583-555-0182,0,M,2,25,87,1,0,Facilities and Maintenance,22-01-2000,,Current,20000122,1/22/2000,1/22/2000
230,10,Iben,Thorell,NULL,Sales Store Manager,23-01-2000,07-04-1960,karan0@contoso.com,447-555-0186,S,Alicia Thornber,447-555-0186,0,M,1,25,28,1,0,Production,23-01-2000,,Current,20000123,1/23/2000,1/23/2000
231,10,Patrick,Elliott,NULL,Sales Store Manager,26-01-2000,20-10-1976,mary1@contoso.com,283-555-0185,M,Heiko Elmsheuser,283-555-0185,0,F,1,25,94,1,0,Production,26-01-2000,,Current,20000126,1/26/2000,1/26/2000
232,10,Justin,Thorp,NULL,Sales Store Manager,26-01-2000,20-10-1976,kevin2@contoso.com,555-555-0113,S,Steven Thorpe,555-555-0113,0,M,1,25,90,1,0,Production,26-01-2000,,Current,20000126,1/26/2000,1/26/2000
233,10,Anil,Elson,NULL,Sales Store Manager,30-01-2000,09-04-1961,mihail0@contoso.com,733-555-0128,S,Terry Eminhizer,733-555-0128,0,M,1,25,64,1,0,Production,30-01-2000,,Current,20000130,1/30/2000,1/30/2000
234,10,Danielle,Tiedt,NULL,Sales Store Manager,02-02-2000,11-10-1976,bonnie0@contoso.com,264-555-0150,M,Hung-Fu Ting,264-555-0150,0,F,1,25,89,1,0,Production,02-02-2000,,Current,20000202,2/2/2000,2/2/2000
235,10,Michael,Entin,NULL,Sales Store Manager,05-02-2000,25-12-1960,fukiko0@contoso.com,520-555-0177,M,Alexei Eremenko,520-555-0177,0,M,2,25,57,1,0,Purchasing,05-02-2000,,Current,20000205,2/5/2000,2/5/2000
236,10,Olinda,Turner,NULL,Sales Store Manager,07-02-2000,23-11-1961,hung-fu0@contoso.com,497-555-0181,S,Richard Turner,497-555-0181,0,M,1,25,0,1,0,Production,07-02-2000,,Current,20000207,2/7/2000,2/7/2000
237,10,Ebru,Ersan,NULL,Sales Store Manager,12-02-2000,30-12-1932,gordon0@contoso.com,230-555-0144,M,Daniel Escapa,230-555-0144,0,M,2,25,52,1,0,Purchasing,12-02-2000,,Current,20000212,2/12/2000,2/12/2000
238,10,Tjeerd,Veninga,NULL,Sales Store Manager,13-02-2000,14-10-1976,kimberly0@contoso.com,123-555-0167,S,Raja D. Venugopal,123-555-0167,0,F,1,25,95,1,0,Production,13-02-2000,,Current,20000213,2/13/2000,2/13/2000
239,6,Modesto,Estrada,NULL,Sales Store Manager,17-02-2000,14-01-1933,kim1@contoso.com,208-555-0114,M,John Evans,208-555-0114,0,F,1,25,24,1,0,Production,17-02-2000,,Current,20000217,2/17/2000,2/17/2000
240,6,Gregory,Verny,NULL,Sales Store Manager,18-02-2000,03-01-1961,sandeep0@contoso.com,166-555-0156,S,Giorgio Veronesi,166-555-0156,0,M,1,25,65,1,0,Production,18-02-2000,,Current,20000218,2/18/2000,2/18/2000
241,6,Ken,Ewert,NULL,Sales Store Manager,23-02-2000,01-06-1943,prasanna0@contoso.com,129-555-0199,M,Sten Faerch,129-555-0199,0,M,1,25,5,1,0,Production,23-02-2000,,Current,20000223,2/23/2000,2/23/2000
242,6,Peter,Villadsen,NULL,Sales Store Manager,24-02-2000,13-06-1942,frank2@contoso.com,163-555-0147,M,Aldis Vilums,163-555-0147,0,M,2,25,58,1,0,Purchasing,24-02-2000,,Current,20000224,2/24/2000,2/24/2000
243,6,Antoine,Faisandier,NULL,Sales Store Manager,25-02-2000,11-10-1964,min0@contoso.com,590-555-0152,M,Maciej Fedorow,590-555-0152,0,M,1,25,1,1,0,Production,25-02-2000,,Current,20000225,2/25/2000,2/25/2000
244,6,Florian,Voss,NULL,Sales Store Manager,25-02-2000,08-01-1933,eric1@contoso.com,680-555-0118,M,Rob Walters,680-555-0118,0,M,1,25,60,1,0,Production,25-02-2000,,Current,20000225,2/25/2000,2/25/2000
246,6,Kelly,Weadock,J.,Sales Store Manager,28-02-2000,03-01-1961,pat0@contoso.com,720-555-0158,S,Gregory Weber,720-555-0158,0,M,1,25,89,1,0,Facilities and Maintenance,28-02-2000,,Current,20000228,2/28/2000,2/28/2000
247,6,Yaniv,Feinberg,NULL,Sales Store Manager,01-03-2000,02-03-1945,maciej0@contoso.com,237-555-0128,S,Walter Felhofer,237-555-0128,0,M,1,25,30,1,0,Production,01-03-2000,,Current,20000301,3/1/2000,3/1/2000
248,6,Martin,Weber,NULL,Sales Store Manager,03-03-2000,04-02-1961,erin0@contoso.com,842-555-0158,S,Maira Wenzel,842-555-0158,0,F,2,25,66,1,0,Purchasing,03-03-2000,,Current,20000303,3/3/2000,3/3/2000
249,6,Dan,Fennell,NULL,Sales Store Manager,04-03-2000,11-10-1976,patrick0@contoso.com,413-555-0124,S,Burke Fewel,413-555-0124,0,M,1,25,96,1,0,Production,04-03-2000,,Current,20000304,3/4/2000,3/4/2000
250,6,Cindy,White,NULL,Sales Store Manager,08-03-2000,03-04-1942,frank3@contoso.com,203-555-0196,M,Jim Wickham,203-555-0196,0,M,1,25,66,1,0,Production,08-03-2000,,Current,20000308,3/8/2000,3/8/2000
251,6,Franziska,Fiegler,NULL,Sales Store Manager,08-03-2000,12-10-1961,ed0@contoso.com,919-555-0140,S,Heinrich Fischer,919-555-0140,0,M,1,25,25,1,0,Production,08-03-2000,,Current,20000308,3/8/2000,3/8/2000
252,6,Greg,Winston,NULL,Sales Store Manager,11-03-2000,01-11-1976,christopher0@contoso.com,153-555-0166,M,Rainer Witte,153-555-0166,0,M,1,25,91,1,0,Production,11-03-2000,,Current,20000311,3/11/2000,3/11/2000
253,6,William,Flash,NULL,Sales Store Manager,15-03-2000,24-01-1964,patrick1@contoso.com,425-555-0117,M,Florence Flipo,425-555-0117,0,M,1,25,61,1,0,Production,15-03-2000,,Current,20000315,3/15/2000,3/15/2000
254,6,Robin,Wood,NULL,Sales Store Manager,16-03-2000,06-10-1961,krishna0@contoso.com,491-555-0183,S,Joanna Yuan,491-555-0183,0,M,1,25,2,1,0,Production,16-03-2000,,Current,20000316,3/16/2000,3/16/2000
255,6,Raymond,Fong,NULL,Sales Store Manager,19-03-2000,31-08-1960,lori1@contoso.com,295-555-0161,M,Olivier Fontana,295-555-0161,0,F,1,25,90,1,0,Facilities and Maintenance,19-03-2000,,Current,20000319,3/19/2000,3/19/2000
256,6,Karin,Zimprich,NULL,Sales Store Manager,23-03-2000,08-10-1976,danielle0@contoso.com,500-555-0172,S,Erwin Zischka,500-555-0172,0,F,1,25,97,1,0,Production,23-03-2000,,Current,20000323,3/23/2000,3/23/2000
257,6,Jeff,Ford,NULL,Sales Store Manager,26-03-2000,05-01-1933,sootha0@contoso.com,325-555-0137,M,Viggo Forde,325-555-0137,0,M,2,25,85,1,0,Quality Assurance,26-03-2000,,Current,20000326,3/26/2000,3/26/2000
258,6,Aziz,Hassouneh,NULL,Sales Store Manager,26-03-2000,07-10-1963,michael7@contoso.com,582-555-0148,S,Satomi Hayakawa,582-555-0148,0,M,1,25,26,1,0,Production,26-03-2000,,Current,20000326,3/26/2000,3/26/2000
259,6,Diane,Forsyth,NULL,Sales Store Manager,26-03-2000,29-05-1960,randy0@contoso.com,961-555-0122,M,Garth Fort,961-555-0122,0,M,1,25,29,1,0,Production,26-03-2000,,Current,20000326,3/26/2000,3/26/2000
260,6,Arno,Harteveld,NULL,Sales Store Manager,30-03-2000,29-10-1976,john4@contoso.com,254-555-0114,S,Roger Harui,254-555-0114,0,M,1,25,92,1,0,Production,30-03-2000,,Current,20000330,3/30/2000,3/30/2000
261,6,Soren,Francker,NULL,Sales Store Manager,03-04-2000,30-09-1963,jack1@contoso.com,521-555-0113,S,Jill Frank,521-555-0113,0,M,1,25,62,1,0,Production,03-04-2000,,Current,20000403,4/3/2000,4/3/2000
262,6,Mark,Harrington,NULL,Sales Store Manager,04-04-2000,05-05-1960,olinda0@contoso.com,306-555-0186,S,Phyllis Harris,306-555-0186,0,F,1,25,3,1,0,Production,04-04-2000,,Current,20000404,4/4/2000,4/4/2000
263,6,Joel,Frauenheim,NULL,Sales Store Manager,05-04-2000,17-01-1962,stuart1@contoso.com,539-555-0149,M,Sven Freitag,539-555-0149,0,M,1,25,88,1,0,Facilities and Maintenance,05-04-2000,,Current,20000405,4/5/2000,4/5/2000
264,6,Eran,Harel,NULL,Sales Store Manager,07-04-2000,25-05-1944,jo1@contoso.com,228-555-0159,M,Walter Harp,228-555-0159,0,F,1,25,91,1,0,Facilities and Maintenance,07-04-2000,,Current,20000407,4/7/2000,4/7/2000
265,6,Victor,Freitas,NULL,Sales Store Manager,09-04-2000,05-07-1963,ben0@contoso.com,151-555-0113,M,Mihail Frintu,151-555-0113,0,M,2,25,55,1,0,Purchasing,09-04-2000,,Current,20000409,4/9/2000,4/9/2000
266,6,Claus,Hansen,NULL,Sales Store Manager,10-04-2000,01-11-1976,tom0@contoso.com,295-555-0161,M,Mark Hanson,295-555-0161,0,M,1,25,98,1,0,Production,10-04-2000,,Current,20000410,4/10/2000,4/10/2000
267,6,Gabe,Frost,NULL,Sales Store Manager,05-01-2001,18-02-1968,ovidiu0@contoso.com,719-555-0181,S,Don Funk,719-555-0181,0,M,2,25,7,1,0,Tool Design,05-01-2001,,Current,20010105,1/5/2001,1/5/2001
268,6,Jim,Hance,NULL,Sales Store Manager,06-01-2001,01-03-1968,annette0@contoso.com,125-555-0196,M,Kerim Hanif,125-555-0196,0,F,2,25,50,1,0,Purchasing,06-01-2001,,Current,20010106,1/6/2001,1/6/2001
269,6,Kari,Furse,NULL,Sales Store Manager,23-01-2001,29-06-1979,janice0@contoso.com,473-555-0117,M,Lawrie Gaffney,473-555-0117,0,F,2,25,8,1,0,Tool Design,23-01-2001,,Current,20010123,1/23/2001,1/23/2001
270,6,David,Hamilton,NULL,Sales Store Manager,25-01-2001,18-02-1968,reinout0@contoso.com,370-555-0163,M,Jay Hamlin,370-555-0163,0,M,2,25,51,1,0,Purchasing,25-01-2001,,Current,20010125,1/25/2001,1/25/2001
271,6,Mike,Gahrns,NULL,Sales Store Manager,30-01-2001,17-07-1969,michael8@contoso.com,465-555-0156,S,Chris Gallagher,465-555-0156,1,M,2,25,3,1,0,Engineering,30-01-2001,,Current,20010130,1/30/2001,1/30/2001
272,6,Dean,Halstead,NULL,Sales Store Manager,04-02-2001,17-11-1941,stephen0@contoso.com,238-555-0197,M,Thomas Hamborg,238-555-0197,1,M,2,25,14,1,1,Sales,04-02-2001,,Current,20010204,2/4/2001,2/4/2001
273,6,Janet,Galore,NULL,Sales Store Manager,07-02-2001,17-04-1965,wanida0@contoso.com,708-555-0141,M,David Galvin,708-555-0141,0,F,2,25,41,1,0,Marketing,07-02-2001,,Current,20010207,2/7/2001,2/7/2001
274,6,Adina,Hagege,NULL,Sales Store Manager,18-02-2001,03-06-1951,sharon0@contoso.com,970-555-0138,M,Pernille Halberg,970-555-0138,1,F,2,25,4,1,0,Engineering,18-02-2001,,Current,20010218,2/18/2001,2/18/2001
275,6,Cesar,Garcia,NULL,Sales Store Manager,10-03-2001,06-04-1968,john5@contoso.com,486-555-0150,S,Debra Garcia,486-555-0150,0,M,2,25,48,1,0,Marketing,10-03-2001,,Current,20010310,3/10/2001,3/10/2001
276,6,Mary,Andersen,Kay,Sales Store Manager,17-03-2001,01-03-1968,mary2@contoso.com,124-555-0114,S,Ivo Haemels,124-555-0114,0,F,2,25,43,1,0,Marketing,17-03-2001,,Current,20010317,3/17/2001,3/17/2001
277,6,Hugo,Garcia,NULL,Sales Store Manager,18-03-2001,08-07-1967,brian3@contoso.com,716-555-0127,S,Euan Garden,716-555-0127,1,M,2,25,10,1,0,Sales,18-03-2001,,Current,20010318,3/18/2001,3/18/2001
278,6,Allan,Guinot,NULL,Sales Store Manager,28-03-2001,13-03-1968,AllanG@contoso.com,210-555-0193,S,Pedro Gutierrez,210-555-0193,1,F,2,25,49,1,0,Purchasing,28-03-2001,30-08-2001,NULL,20010830,3/28/2001,8/30/2001
279,6,Davide,Garghentini,NULL,Sales Store Manager,28-03-2001,13-03-1968,DavideG@contoso.com,210-555-0193,S,Benjamin Gay,210-555-0193,1,F,2,25,49,1,0,Purchasing,31-08-2001,15-08-2002,NULL,20020815,8/31/2001,8/15/2002
280,6,Eric,Gruber,NULL,Sales Store Manager,28-03-2001,13-03-1968,EricG@contoso.com,210-555-0193,S,Daniela Guaita,210-555-0193,1,F,2,25,49,1,0,Purchasing,16-08-2002,,Current,20020816,8/16/2002,8/16/2002
281,6,Inbar,Gazit,NULL,Sales Store Manager,01-07-2001,26-01-1959,michael9@contoso.com,257-555-0154,S,Darren Gehring,257-555-0154,1,M,2,25,38,1,1,Sales,01-07-2001,,Current,20010701,7/1/2001,7/1/2001
282,7,Seth,Grossman,NULL,Sales Store Manager,01-07-2001,30-03-1970,linda3@contoso.com,883-555-0116,M,Brian Groth,883-555-0116,1,F,2,25,27,1,1,Sales,01-07-2001,,Current,20010701,7/1/2001,7/1/2001
283,7,Christa,Geller,NULL,Sales Store Manager,01-07-2001,29-09-1952,jillian0@contoso.com,517-555-0117,S,Jens Geschwandtner,517-555-0117,1,F,2,25,24,1,1,Sales,01-07-2001,,Current,20010701,7/1/2001,7/1/2001
284,7,Carlos,Grilo,NULL,Sales Store Manager,01-07-2001,07-03-1965,garrett1@contoso.com,922-555-0165,M,Geoff Grisso,922-555-0165,1,M,2,25,33,1,1,Sales,01-07-2001,,Current,20010701,7/1/2001,7/1/2001
285,7,Tom,Getzinger,NULL,Sales Store Manager,01-07-2001,19-02-1964,tsvi0@contoso.com,664-555-0112,M,Wriju Ghosh,664-555-0112,1,M,2,25,29,1,1,Sales,01-07-2001,,Current,20010701,7/1/2001,7/1/2001
286,7,Kirk,Gregersen,NULL,Sales Store Manager,01-07-2001,06-01-1965,pamela0@contoso.com,340-555-0193,S,Ryan Gregg,340-555-0193,1,F,2,25,22,1,1,Sales,01-07-2001,,Current,20010701,7/1/2001,7/1/2001
287,7,Leo,Giakoumakis,NULL,Sales Store Manager,01-07-2001,10-04-1934,shu0@contoso.com,330-555-0120,M,Phil Gibbins,330-555-0120,1,M,2,25,26,1,1,Sales,01-07-2001,,Current,20010701,7/1/2001,7/1/2001
288,7,Nikolay,Grachev,NULL,Sales Store Manager,01-07-2001,11-01-1930,josé1@contoso.com,185-555-0169,M,Chris Gray,185-555-0169,1,M,2,25,31,1,1,Sales,01-07-2001,,Current,20010701,7/1/2001,7/1/2001
289,7,Enrique,Gil,NULL,Sales Store Manager,01-07-2001,14-03-1964,david8@contoso.com,740-555-0182,S,Guy Gilbert,740-555-0182,1,M,2,25,23,1,1,Sales,01-07-2001,,Current,20010701,7/1/2001,7/1/2001
290,7,Mojca,Gostincar,NULL,Sales Store Manager,18-05-2002,22-10-1947,amy0@contoso.com,775-555-0164,M,Elisa Graceffo,775-555-0164,1,F,2,25,21,1,1,Sales,18-05-2002,,Current,20020518,5/18/2002,5/18/2002
291,7,Eric,Gilmore,NULL,Sales Store Manager,01-07-2002,18-04-1958,jae0@contoso.com,1 (11) 500 555-0145,M,Adriana Giorgi,1 (11) 500 555-0145,1,F,2,25,37,1,1,Sales,01-07-2002,,Current,20020701,7/1/2002,7/1/2002
292,7,Nuria,Gonzalez,NULL,Sales Store Manager,01-07-2002,31-10-1965,ranjit0@contoso.com,1 (11) 500 555-0117,S,Jon Gordner,1 (11) 500 555-0117,1,M,2,25,34,1,1,Sales,01-07-2002,,Current,20020701,7/1/2002,7/1/2002
293,7,Stuart,Glasson,NULL,Sales Store Manager,01-11-2002,06-02-1968,tete0@contoso.com,615-555-0153,M,Jim Glynn,615-555-0153,1,M,2,25,39,1,1,Sales,01-11-2002,,Current,20021101,11/1/2002,11/1/2002
294,7,Daniel,Goldschmidt,NULL,Sales Store Manager,15-04-2003,11-02-1965,syed0@contoso.com,926-555-0182,M,Howard Gonzalez,926-555-0182,1,M,2,25,20,1,1,Sales,15-04-2003,,Current,20030415,4/15/2003,4/15/2003
295,7,Gerhard,Goeschl,NULL,Sales Store Manager,01-07-2003,09-08-1965,rachel0@contoso.com,1 (11) 500 555-0140,S,Mete Goktepe,1 (11) 500 555-0140,1,F,2,25,35,1,1,Sales,01-07-2003,,Current,20030701,7/1/2003,7/1/2003
296,7,Jossef,Goldberg,NULL,Sales Store Manager,01-07-2003,18-04-1961,lynn0@contoso.com,1 (11) 500 555-0190,S,Maxim Goldin,1 (11) 500 555-0190,1,F,2,25,36,1,1,Sales,01-07-2003,,Current,20030701,7/1/2003,7/1/2003
